theme,frequency
Filter Image Collection By Date And Region,40898
Computes Normalized Difference Vegetation Index (NDVI),36217
Clip Images To A Specific Region,35184
Filter And Mosaic Landsat Images For Specific Dates And Cloud Cover,32480
Image Cloud Masking,29255
Vegetation Indices/Index Calculation,25393
Filter Image Collection By Date,22021
Cloud And Shade Masking,21214
Export Results,13498
Land Cover Classification And Mapping,13465
Filter Image Collection By Cloud Coverage,13461
Train And Apply Random Forest Classifier,12760
Generate Time Series Charts,12661
Filter Data,12624
Filter And Mosaic Landsat Images,11438
Compute Mean Values,10741
Random Forest Classification,10469
Calculates Normalized Difference Water Index (NDWI),10373
Export Processed Images,10169
Create Median Composite Of Images,10057
Filter Image Collection,10026
Clip Images To Specific Geographic Boundaries,9887
Filter Images By Date And Region,9792
Visualize NDVI Results,9430
Export Processed Images To Drive,9212
Export Processed Images To Google Drive,9195
Calculates Median Of Image Collection,8805
Exporting Classified Images,8754
Select Specific Bands From Images,8418
Validating Classification,8400
Filter Images By Cloud Cover,7961
Export Processed Data To Drive,7921
Calculate Data For Specific Spectral Bands,7280
Generate Image Composites,7080
Filter Images,6891
Export Processed Data To Google Drive,6881
Generate Time Series Charts For NDVI,6849
Image Masking,6808
Clip Images,6765
Add NDVI Band To Images,6543
Spectral Index Calculation,6393
Clip Temperature Data To Area Of Interest,5997
Calculate Area Statistics,5803
Filtering Pixels,5718
Water Indices/Index Calculation,5608
Filtering Precipitation Data,5592
Area Calculation,5529
Calculate Environmental And Vegetation Indices,5386
Classify Images Based On Training Data,5360
Export Processed Data,5130
Calculate Normalized Difference Water Body Index (NDWBI),4930
Spatial Filtering,4892
Temperature Calculation,4791
Export Composite Image,4785
Merge And Sort Image Collections,4760
Mapping Land Cover,4713
Visualizing Land Cover,4669
Compute Median Of NDVI,4623
Calculate Other Vegetation Indices/index (SAVI, EVI),4621
Filtering Soil Moisture Data,4572
Calculates Mean Of Image Collection,4559
Merge Feature Collections,4552
Visualize Satellite Images,4292
Image Cloud Removal,4289
Calculate NBR for Post-Fire Image,4220
Vegetation Masking,4172
Calculates Median Values,4146
Terrain Slope Calculation,4143
Filter Image Collection By Bounds,4055
Fractional Vegetation Cover (FVC) Calculation,3930
Merge, Harmonize, And Standardize Landsat Image Collections,3883
Temporal Data Filtering,3872
Sampling Regions For Training Data,3795
Classify Images Based On Trained Model,3771
Display Interactive Map,3756
Calculate Spectral Indices And Ratios From Satellite Bands,3752
Creating Monthly Composite,3688
Sort Image Collections By Cloud Cover,3638
Derive Land Surface Temperature Using Thermal Properties,3627
Image Segmentation,3555
Scaling Image Values,3552
Rename Image Bands,3546
Select Specific Polarization From Images,3534
Visualize Precipitation Data,3520
Compute Maximum Values,3421
Visualize Vegetation Data,3415
Forest Area Calculation,3396
Export Land Cover Data,3387
Filter Images By Date,3363
Remapping Land Cover Classes,3311
Performs Linear Regression,3301
Cloud And Snow Masking,3215
Generating Histograms,3214
Flood Mask Generation,3186
Filter Image Collection By Date And Boundaries,3176
Aggregate Multiple Images,3167
Export Time Series Data,3166
Calculate Difference Normalized Burn Ratio (dNBR),3156
Mask Areas To Refine Flood Detection,3121
Calculate Annual Precipitation,3027
Cloud And Water Masking,3024
Harmonic Regression Modeling,3009
Create RGB Composite Image,3004
Principal Component Analysis (PCA),2968
Cloud Probability Masking,2939
Prepares Images For Classification,2919
Vegetation Cover Classification,2897
Generate Time Series Data For NDVI Changes,2860
Quantifying Pixels,2819
Image Mosaicking,2793
Visualize Temperature Data,2763
Standard Deviation Calculation,2749
Merge Feature Collections For Training Data,2687
Speckle Filtering,2655
Visualize True Color Images,2652
Elevation Data Extraction,2627
Trains And Applies Classifier,2583
Data Visualization,2576
Training Data Sampling,2574
Fractional Vegetation Calculation,2555
Calculate Normalized Difference And Other Indices,2538
Cloud Score Calculation,2531
Filter Feature Collection,2521
Radiance calculation,2511
Calculate Precipitation,2478
Elevation slope calculation,2467
Accuracy Assessment,2465
Filtering Administrative Boundaries,2462
Visualize Forest Cover,2450
Filter Image Collection By Region,2412
Training And Sampling For Land Cover Classification,2409
Time Series Analysis,2395
Geometric Index Calculation,2375
Topographic Wetness Index (TWI) Calculation,2375
Calculating Annual Average,2374
Filtering Polygons,2369
Export Classification Results,2327
Apply Threshold To Identify Flood Extent,2319
Quality Mosaic Generation,2309
Merge Different Land Cover Feature Collections,2298
Water body Area Calculation,2297
Image Normalization,2295
Temporal Image Collection Filtering,2273
Image Index Calculation,2255
Cluster Analysis,2250
Mosaic Landsat Images,2231
Create Image Composites To Minimize Cloud Cover,2188
Image Reprojection,2176
Sampling Regions,2139
Land Cover Change Analysis,2116
Compute Minimum Values,2073
Visualize NDVI And Date Information,2063
Random Forest Regression Training,2056
Compute Averages,2045
Land Cover Change Detection,2044
Stack Multiple Image Bands,2039
Image Reduction,2027
Clip Population Data To Flood-Affected Regions,2023
Visualize Data With Specific Color Palettes,1995
Emissivity Calculation,1988
Flood Area Calculation,1983
Visualize Data Using Specific Band Combinations,1978
Rename Spectral Bands,1975
Apply Mask To Classification Results,1970
Filter Images By Region,1932
Creating Annual Composite,1929
Export Features,1927
Visualize Data Layers,1910
Calculates And Displays Area For Each Land Cover Category,1886
Data Conversion,1877
Chlorophyll-a Calculation,1851
Trend Analysis,1843
Export Terrain Layers,1843
Terrain Analysis,1833
Filter Image Collection By Year,1818
Surface Temperature Calculation,1815
Calculates Modified Normalized Difference Water Index (MNDWI),1792
Visualize Elevation Data (DEM),1782
Interpolate Time Series,1775
Add Date Bands To Images,1773
Visualize The Processed Data,1754
Detects Forest Loss,1746
Difference Calculation,1730
Unit Conversion For Temperature Data,1726
Pixel Count Calculation,1723
identify Forested And Deforested Areas,1719
Layer Addition To Map,1712
Calculate Statistical Indicators Of Image Collection,1702
Image Band Manipulation,1699
Pixel Area Calculation,1698
Filter Images By Year,1695
Visualize Temporal changes,1692
Export Geospatial Data,1691
Generate Time Series Charts Of Water Area,1688
Add Date Information To Images,1687
Change Detection,1678
Image Resampling,1654
Elevation Calculation,1645
Convert Raster To Vector,1644
Classify And Visualize Burn Severity,1636
Generate ColumnChart For Precipitation,1629
Elevation Masking,1608
Creating Median Composites For Specific Time Periods,1604
Stratified Sampling,1603
Visualize Terrain Features,1597
Visualize Changes In Forest Cover Over Time,1588
Visualize Images In Different Band Combinations,1587
Machine Learning Classification,1568
Add Cloud Probability And Mask As Image Bands,1555
Slope calculation,1553
Random Point Generation,1543
Identify Vegetation,1541
Apply Threshold To Identify Water Surface,1538
Hillshade Generation,1530
Calculate Forest Loss,1526
Vegetation Growth Analysis,1523
Calculate Detection Accuracy,1511
Reduction Of Image Collection,1508
Hydrological Variables Calculation,1495
Identify Burned Areas,1492
Texture Calculation,1486
Image Preprocessing,1482
Vectorization,1482
Generate Spectral Signature Chart,1473
Split Data Into Training And Testing Sets,1459
Covariance Calculation,1456
Machine Learning Model Training,1444
Buffering Points To Create Zones For Analysis,1438
Calculate Normalized Infrared Vegetation Index (NIRV),1426
Creates And Exports Image Mosaics,1425
Detect Water,1424
Visualize Fire Data,1419
Classification,1418
Train And Apply SVM Classifier,1416
Legend Creation,1414
Image Band Normalization,1390
Display Selected Band,1370
Image Aggregation,1369
Visualize Tree Loss,1369
Terrain Data Generation and Analysis,1355
Mapping Features,1353
Unsupervised Clustering,1353
Visualize Boundary,1352
Export Raster Data,1351
Covering Grid Generation,1344
Training CART Classifier,1322
Mask Application,1321
Calculate Land Development Areas,1317
Image Scaling,1308
Interpolate Missing Values,1302
Enhancing Image Visualization,1285
Identify Data Related To Agricultural,1276
Converts Joined Data To Image Collection,1266
Burn Area Index Calculation,1265
Creating Seasonal Composite,1264
Accumulating EVI Anomalies,1254
Smoothing,1252
Select Land Cover Types,1245
Reduction Of Image Regions,1238
Render,1223
Image Differencing,1222
Creates Animation Of NDVI Over Time,1212
Nighttime light data analysis,1207
Surface water area calculation,1193
Export Sampled Data,1189
Image Clustering,1179
Edge Detection,1175
Filtering Features,1168
Identify Forest Loss,1162
Visualize Clustered Data,1154
Add A Legend,1146
Calculate Burned Area,1143
Feature Calculation,1139
Identify Water Body,1139
Urban Area Detection,1135
Regression Analysis,1118
Spectral Values Extraction,1109
Sampling Regions For Classifier Training,1102
Detect Land Development Areas,1088
Export Clipped Data,1078
Export Burn Severity And Area Data,1078
Calculate Tree Cover Area,1076
Visualize Radar Images,1070
Elevation statistics calculation,1069
Apply Scale Factors To Features,1069
Generating Confusion Matrix,1061
Count Pixels,1046
Reclassify,1045
Statistics Calculation,1040
Add A Feature Collection,1034
Generates Visual Comparisons Of Pre- And Post-Event Images,1032
Brightness Calculation,1030
Spectral Unmixing,1026
Radar Image Noise Reduction,1025
Reduce Image Collection To Minimum Value,1022
Visualize Tree Cover,1022
Training Data Creation,1012
Generate Visualizations And Statistical Charts For Classification Results,1011
Buffer Creation,1008
Spatial Smoothing,1008
Identify Water And Flood Surfaces Using Indices,1007
Calculate Seasonal And Temporal Spectral Indices,1003
Filter Image Collection By Time,1002
Topographic Variable Extraction,998
Image Convolution,988
Distance Calculation,985
Calculate Total Precipitation,984
Texture Analysis,982
Edge Masking,980
Visualize Radar Images With Specific Visualization Parameters,979
Seasonal NDVI Analysis,976
Temporal Smoothing,971
Filter Images By Month,965
Solar angle calculation,963
Generate Time Series Charts Of Temperature Data,959
Urban Area Calculation,958
Evaluate Classifier Performance Using Confusion Matrix,955
Remapping Values,954
Estimating Soil Properties,932
Image Gap Filling,929
Computes Percentage Of Cloud Cover,928
Buffering Geometries,922
amplitude calculation,914
Clip Precipitation Data,913
Topographic Corrections,907
Radar Data Correction,902
Refined Lee Speckle Filtering,898
Atmospheric Correction,893
Exporting Prediction Results,889
Reflectance Value Scaling,888
Generate Histograms For Image Data Analysis,885
Export Flood Extent,885
Export Training Data,881
Otsu Thresholding,874
Visualize Disaster Impacts,872
Performs Linear Interpolation,871
Harmonic Trend Analysis,869
Creates Time Series Composites Of Satellite Images,868
SVM Classification,867
Generate Image Composites For Indices/Index,866
Visualize Burned Areas,866
Stacking Multiple Images,861
Image Mapping,861
Sampling Image,858
Calculates Green Leaf Index (GLI),855
Display Specific Spectral Bands And Colors,847
Filter Images by wind conditions,844
Validating The Model,843
Count Cloud Probability Occurrences,841
Display Land Cover,827
Calculates Area,812
Anomaly Calculation,810
Estimate Population Affected By Flood,807
Aggregate Fire Data,794
Classify And Evaluate Burned Areas,791
Cluster Image Data,791
Unit Conversion,790
Spatial Analysis,788
Apply Gamma MAP Filter,787
Data Preparation,786
Calculate Normalized Difference Flood Index (NDFI),784
Export Selected Image,784
Image Band Addition,776
Generate And Display A Scatter Plot,774
Speckle Noise Reduction,769
Compute Difference Between Pre- And Post-Fire NBR,768
Filtering Training Data,764
Scaling index/indices values,763
Seasonal Filtering,763
Calculate Construction Land Index (CLI),763
Calculate Minimum Backscatter,761
Estimate Forest loss,754
Error Matrix Calculation,754
Reduction Of Feature Data,750
Image Correction,748
Terrain Correction,747
Convert Image,747
Detect Urban Renewal Areas,745
Calculate Median Filtering And Smoothing,743
Generate And Display a Histogram,742
Filter Image Collection By Month,737
Export Clustered Image,735
Calculate dNBR For Fire Severity,723
Apply Techniques To  Correct And Fill Data Gaps,718
Compute Emissivity From Vegetation Fraction,709
Estimating Fire Accumulation,702
Calculate Long-Term Averages,699
Temperature Analysis,697
Sampling Data,696
Clip And Visualize,689
Temperature Masking,688
Add Vegetation Indices,673
Define And Utilize Multiple Polygon Geometries For Analysis,672
Map Visualization Of Feature Collection,668
Affected Urban Area Calculation,668
Selects Surface Temperature Data,664
Estimating Soil Loss,663
Calculates Total Flooded Area In Hectares,660
Export Masked Image,660
Export Burned Area,653
Export Statistics,644
Hydrological Analysis,643
Performs Image Differencing To Compare Changes,640
Spatial Masking,639
Correct Classification Results Using Specified Conditions,634
Harmonic Modeling,627
Generate Reflectance Charts,626
Estimate Emissions,618
Visualize Classified Data And Indices,618
Area Of Interest Selection,610
Selects Temperature Data,608
Export Anomaly Data,608
Fractional Vegetation Cover (FVC) Classification,604
Filter Images By Time,602
Add Land Use Layer,601
Filter And Buffer A Feature Collection,597
Applying Mean Filter To Image,596
Identify Outlier Areas,588
Estimate Carbon,586
Addition Of NDVI,584
Convert Radar Backscatter,580
Visualize Multi-Temporal Satellite Data,579
Export Tiled Images,574
Focal Mean Smoothing,572
Add Tasseled Cap Transformation,570
Display Selected Images,563
Export Clipped Image,561
Decision Tree Classification,559
Exporting Classified Raster,559
Export The Change Detection,558
Displays Composite Image,555
Maximum, Minimum And Mean Statistical Analysis (Temperature),554
Cross-correlation Calculation,554
Radiometric Terrain Normalization,553
Spatial Clipping,549
Annotate Images,544
Calculate NBR For Pre-Fire Image,539
Select Data,536
Filter And Visualize,531
Area Degradation Calculation,527
Addition Of Time Band,527
Cloud And Cloud Shadow Masking,526
Cloud Filtering,523
Select DEM,521
Binary Image Creation,521
Apply Masks To Classified Images,519
Tasseled Cap index calculation,516
Visualization Selection,513
Aggregate Temperature Data,513
Temporal Analysis,511
Interpolation Of Values,509
Threshold Calculation,508
Calculate Features To Refine Flood Analysis,506
Segment Image Into Clusters,501
Add NDWI Band To Images,500
Display Canopy Height,500
Generate Visualizations and Charts For Analysis,485
Brightness Temperature Calculation,482
Built-up Area Classification,482
Thresholding For Classification,478
Boundary Extraction,478
Convert And Format Spatial Data For Export,472
Building Annual Mosaic Collection,472
Spectral And Temporal Analysis,470
Terrain Occlusion Masking,463
Gradient Calculation,458
Species count analysis,456
Supervised Classification,454
Estimation,450
Load and Display Pre- And Post-Fire Satellite Image,449
Interpolation,444
Phenological characteristics calculation,429
Run Algorithm For Change Detection,423
Analyzing Soil Properties,423
Intersection Of Geometries,422
Accumulating Anomalies,421
Photosynthetically active radiation (PAR) calculation,420
Surface Reflectance Correction,417
Mapping Cloud Cover,416
Compute Metric Within Clusters,413
Import/Load Data,413
Shadow Detection,410
Data Standardization,406
Spectral Distance Calculation,405
Smooth Radar Speckle In Images,402
Mapping Index/Indices,402
Solar position calculation,399
Detect Trends In Time Series Data,398
Elevation Classification,397
Reduction By Statistics,390
Correlation Analysis,390
Image Stacking,388
Calculates Spatial Correlation,387
Performs Linear Fits,386
Random Sampling,385
Texture Feature Extraction,383
Filter And Mosaic,382
Anomaly Detection,379
Terrain Slope Correction,378
Merging (Combining Multiple Bands),376
Slope Classification,375
Forest Canopy Density Calculation,370
Data Preparation For Training,369
Mean Reduction,368
Selects Air Temperature Data,366
Calculate Built-up Area,365
Feature Importance Extraction,362
Convert Flood Detection Results To Vector Polygons,360
Maximum, Minimum And Mean Statistical Analysis (NDVI and Vegetation Indices),359
Tasseled Cap Transformation,358
Border Noise Correction,356
Area Statistics Calculation,356
Calculate Temporal Spectral Indices,356
Estimating Phenology Metrics,353
Feature Importance Analysis,351
Create A Thematic Map,349
Clear Pixel Masking,345
Thermal Anomaly Detection,345
Angle Correction,341
BRDF Correction,337
Visualization And Output Generation,334
Focal Median Smoothing,334
Calculate And Export Statistics,328
Watershed Delineation,327
Shadow Masking,325
Filter And Process Images For Water Detection,321
Threshold Condition Application,320
Calculate Ratio Between Recent And Historical Images,319
Entropy Calculation,317
Validation Data,317
Cloud Cover Removal,314
Remove Invalid Value,314
Data Fusion,312
Affected Urban Area Estimation,311
Image Addition,310
Buffering Points,309
Image Fraction Calculation,306
Euclidean Distance Calculation,306
Total Suspended Solids (TSS) Calculation,303
Union Of Geometries,302
Sort Images By Acquisition Time,301
Combine Multiple Image Properties,299
Remove Double Counts,296
Filter And Merge,294
Burn Date Extraction,284
Quality Filtering,284
Speckle Noise Removal,282
Analyze Frequency Of Clouds And Vegetation,281
Sort Image Collection By Time,280
Select Image,268
Classify Images Based On Pre And Post Fire Data,267
Display Carbon Data,265
Map Function To Calculate And Analysis Features,263
Visualization Setup,263
Harmonization Of Images,262
Cubic Interpolation,261
Band Correction,260
Image Enhancement,258
Estimating Watersheds Area,256
Export Surface Temperature,254
Update Masks,254
Endmember extraction,254
Sensitivity Calculation,253
Endmember generation,253
Conversion Feature Collection,252
Cloud And Shadow Removal,251
Sample Data Preparation,249
Sort Images,248
Filter And Classify,246
Threshold Index Values,244
Quality Masking,243
Temporal Aggregation,240
Pixel Correction,239
Distance Transformation,236
Train A Clusterer,233
Add Variables To Imagery,233
Sampling Regions For Validation,233
Display Classified Image and Indices,233
Calculate Urban Green Density,229
Export Mosaic,228
Remap Cluster Results To Simplified Classes,225
Add Cloud Cover Percentage Band,221
Angle Filtering,220
Shadow Projection,218
Cross-Polarization Calculation,217
Neural Network Application,216
Display Total Carbon,216
Filter Feature,216
Maximum, Minimum And Mean Statistical Analysis,212
Error Propagation Calculation,211
Burn Region Detection,211
Add Normalized Difference Band,211
Sampling Regions For Test Data,209
Secondary Scaling Factors Calculation,209
Generate Ratio Images,208
Shadow Removal,207
Identify And Display Outlier Areas,205
Temporal Averaging,203
Buffering Features,201
Identify Tree Cover,196
Temporal Compositing,195
Surface Correction,192
Secondary Vegetation Age Determination,191
Visualize Satellite Imagery Changes Over Time,189
Generate Time Series Charts Of Cloud Scores,189
Sort By Area Size,186
Harmonization,184
Detect Changes By Comparing Pre- And Post-Fire Images,175
Noise Reduction,173
Remove Elevation Effects,172
Select Index,171
Aggregate Land Cover,167
Quality Control,164
Elevation Thresholding,159
Severity Classification,159
Area Degradation Assessment,157
Hotspot Detection,157
Export Validation Result,157
Terrain Flattening,156
Burn Masking,152
Addition Of NDWI,149
Image Stretching,146
Quality Assessment,144
Buffer Analysis,142
Link Maps For Synchronized Viewing,141
Calculate Normalized Burn Ratio (NBR) For Images,140
Reduction To Single Image,138
Filter And Map,137
Unit Conversion For Daily Averages,136
Calculate Irrecoverable Carbon Loss,135
Detection,135
Spatial Correlation,133
Open Water Detection,133
Refinement Of Results,131
Species richness analysis,131
Boundary Statistics Calculation,130
Threshold Determination For Suitability,130
Reduce Cloud Effects,125
Export Fitted Parameters And Phases,125
Clip And Export,124
Temporal Filtering,122
Display Distance,121
Sort Images By Quality,120
Burned Area Classification,119
Export Validation Information,116
Refinement Of Datasets,115
Decision Tree Modeling ,112
Apply Perona-Malik Anisotropic Diffusion Filter,110
Unit Conversion For Hourly Dataset,110
Convert Vector To Raster,109
Time Series Anomaly Detection,108
Focal Max And Min Calculations,107
Buffering Edges,106
Sigma Lee Speckle Filtering,105
Animal Density Visualization,103
Correction For Polarization,100
Limit The Number Of Images,96
Export Training Samples,96
Filter And Mask,95
Auto-correlation Calculation,94
Stack VV And VH Bands,92
Sample Collection,92
Fractional Unmixing,91
Feature Importance Calculation,91
Addition Of Spectral Indices,89
Feature Filtering And Mapping,88
Speckle Reduction,84
Data Partitioning,84
Buffering Points For Sample Expansion,83
Time Series Clustering And Prediction,81
Estimation Of Sensible Heat Flux,78
Feature Collection Sampling For Training,76
Validation And Accuracy Assessment,76
Significance Testing,74
Harmonic Smoothing,73
Harmonization Transformation,68
Support Vector Machine (SVM) Classification,67
Feature Selection For Training,65
Training Model,64
Add Tasseled Cap Transformation Bands,61
Identify Homogeneous Areas,60
Filter And Clip,59
Display Manageable Carbon,57
Sort Image Collection By Feature,53
Filter And Display,53
Ancillary Layer Calculation,52
Unmixing Analysis,52
Cloud Correction Function,51
Sort Pixels,49
Time Series Graphs And Statistics,45
Unsupervised Learning,45
Calculates Forest Structural Complexity Index (FSCI),44
Brightness Temperature Difference Calculation,42
Refine Detection Results,41
Annual Mosaick,39
Auto-covariance Calculation,38
Temporal Collection Creation,36
Generate Time Series Charts Of Corrected Data,36
Feature Sampling For Training,36
Fit Model To Image Collection,35
Remapping,34
Thresholding For Identification,33
Export Species List,33
Harmonization Of Reflectance,31
Filter And Composite,29
Sort Images By Start Time,28
Select And Clip Image,28
Threshold Application,28
Filter And Select,26
Filter And Sort,26
Calculate Area Of Fire Scar,26
Multi-Temporal Synthesis,25
Secondary Growth Identification,22
Shortest Path Analysis,19
Unit Conversion For Energy Balance Components,18
Spatial Analysis And Modeling,16
Export Species Richness,15
Union Of Administrative Units,12
Sort Image Collection By Region,11
Classification And Machine Learning,10
Display Irrecoverable Carbons,10
Projection,9
Data Acquisition And Preprocessing,8
Filter And Process,7
Display Vulnerable Carbon,7
Identify Objection,4